{
    "1": [
        0.16228589705748453,
        1.2941086052150768,
        0.3842594940825119,
        0.9083741429866843,
        2.2509718606582427
    ],
    "2": [
        3.7749856779796085,
        0.1431284148948729,
        0.12529712680130786,
        0.012877090644912305,
        0.9437116896792975
    ],
    "3": [
        1.8236664985934623,
        0.03150608136071559,
        0.04203962621114235,
        1.2307642854124445,
        1.872023508422235
    ],
    "4": [
        0.2643205340198765,
        2.1296484114269427,
        1.3369093409278807,
        0.7575251582694336,
        0.5115965553558666
    ],
    "5": [
        0.0459947476708284,
        1.9536494271736127,
        0.6641281792602678,
        1.3164240981786892,
        1.019803547716602
    ],
    "6": [
        0.10258498131125751,
        0.2502495771616706,
        0.9444760740139577,
        2.879684510240674,
        0.8230048572724407
    ],
    "7": [
        0.2597483582554504,
        1.4880369805744433,
        1.1516767157679755,
        0.9970697079667068,
        1.1034682374354237
    ],
    "8": [
        0.12046553882038362,
        0.5658435170070263,
        0.36701894494379705,
        1.748469301249773,
        2.1982026979790192
    ],
    "9": [
        0.23513152087657124,
        0.033336112604332176,
        0.13778457341974493,
        2.181057511786482,
        2.4126902813128694
    ],
    "10": [
        0.4153406852050911,
        0.3791961560189103,
        0.33629998660823923,
        1.3577159136722685,
        2.511447258495491
    ],
    "11": [
        0.45488074387138666,
        0.2594497080513338,
        0.30374859519135666,
        1.6591943650766114,
        2.3227265878093113
    ],
    "12": [
        0.524328381634261,
        2.495375673747399,
        1.2102715602269123,
        0.3264567770249296,
        0.44356760736649836
    ],
    "13": [
        0.012340160655442679,
        0.4196495206182591,
        0.15302174132985064,
        1.6208748222130995,
        2.794113755183348
    ],
    "14": [
        0.18156598347715605,
        0.3694967173064223,
        0.32120973264997,
        1.0039540001606932,
        3.123773566405758
    ],
    "15": [
        0.17353179884822323,
        0.17231650370409232,
        0.6174334605355898,
        0.6946452150070397,
        3.3420730219050547
    ]
}